,Chill House,Dark Techno,Emotional Techno,Funky House,Party House,Party Techno
Chill House,1.0,-0.14795950055122375,-0.19799154996871948,-0.08372559398412704,-0.17662855982780457,-0.6046819686889648
Dark Techno,-0.14795950055122375,1.0,-0.0734916552901268,-0.13370715081691742,-0.045631103217601776,-0.18486325442790985
Emotional Techno,-0.19799154996871948,-0.0734916552901268,1.0,-0.40968596935272217,-0.028213996440172195,0.03616229072213173
Funky House,-0.08372559398412704,-0.13370715081691742,-0.40968596935272217,1.0,-0.4294268488883972,-0.10440362989902496
Party House,-0.17662855982780457,-0.045631103217601776,-0.028213996440172195,-0.4294268488883972,1.0000001192092896,-0.10073539614677429
Party Techno,-0.6046819686889648,-0.18486325442790985,0.03616229072213173,-0.10440362989902496,-0.10073539614677429,1.0
