{
  "fold_idx": 0,
  "fold_seed": 42,
  "train_samples": 5366,
  "test_samples": 3480,
  "final_accuracy": 0.7879310344827586,
  "final_loss": 0.3646198809146881,
  "training_history": {
    "epoch": [
      0,
      0.01048951048951049,
      1.0,
      1.7762237762237763,
      3.0,
      4.0,
      5.0,
      6.0,
      7.0,
      8.0,
      9.0,
      10.0
    ],
    "train_loss": [
      null,
      0.2978,
      0.1811,
      0.1753,
      0.1224,
      0.1521,
      0.1288,
      0.091,
      0.0725,
      0.0595,
      0.0491,
      0.0361
    ],
    "eval_loss": [
      0.29214179515838623,
      null,
      0.16905279457569122,
      0.26198577880859375,
      0.25241926312446594,
      0.3646198809146881,
      0.377978652715683,
      0.403371661901474,
      0.3993520140647888,
      0.42458784580230713,
      0.43063411116600037,
      0.43264615535736084
    ],
    "eval_accuracy": [
      0.5761494252873564,
      null,
      0.7683908045977011,
      0.7488505747126437,
      0.7583333333333333,
      0.7879310344827586,
      0.767816091954023,
      0.7494252873563219,
      0.7451149425287357,
      0.7307471264367816,
      0.7350574712643678,
      0.7350574712643678
    ],
    "learning_rate": [
      null,
      3.995789473684211e-05,
      3.5957894736842106e-05,
      3.28421052631579e-05,
      2.968421052631579e-05,
      2.6526315789473685e-05,
      2.3368421052631584e-05,
      2.0210526315789475e-05,
      1.705263157894737e-05,
      1.3894736842105265e-05,
      1.073684210526316e-05,
      7.578947368421054e-06
    ]
  },
  "final_metrics": {
    "eval_accuracy": 0.7350574712643678,
    "eval_loss": 0.43264615535736084,
    "eval_runtime": 52.3122,
    "eval_samples_per_second": 66.524,
    "eval_steps_per_second": 8.315,
    "epoch": 10.0
  },
  "train_runtime": 3057.2339,
  "total_steps": 770
}