{
  "experiment_name": "Chunking Strategy: 2 Chunks",
  "timestamp": "20250925_165721",
  "k_folds": 5,
  "base_seed": 42,
  "results_dir": "kfold_results/kfold_20250925_165721",
  "fold_metrics": [
    {
      "fold_idx": 0,
      "fold_seed": 42,
      "train_samples": 7326,
      "test_samples": 2424,
      "final_accuracy": 0.8510726072607261,
      "final_loss": 0.16163772344589233,
      "training_history": {
        "epoch": [
          0,
          0.007575757575757576,
          1.0,
          1.7727272727272727,
          3.0,
          4.0,
          5.0,
          6.0
        ],
        "train_loss": [
          0.2988,
          0.1503,
          0.0966,
          0.0638,
          0.079,
          0.0501,
          0.0328
        ],
        "eval_loss": [
          0.2881103754043579,
          0.1381518393754959,
          0.16163772344589233,
          0.1666772961616516,
          0.307259738445282,
          0.2988118529319763,
          0.3209114372730255
        ],
        "eval_accuracy": [
          0.6336633663366337,
          0.8155940594059405,
          0.8510726072607261,
          0.8461221122112211,
          0.820957095709571,
          0.8411716171617162,
          0.8184818481848185
        ],
        "learning_rate": [
          3.994949494949495e-05,
          3.3333333333333335e-05,
          2.8181818181818185e-05,
          2.3030303030303034e-05,
          1.787878787878788e-05,
          1.2727272727272728e-05,
          7.5757575757575764e-06
        ]
      },
      "final_metrics": {
        "eval_accuracy": 0.8184818481848185,
        "eval_loss": 0.3209114372730255,
        "eval_runtime": 36.7993,
        "eval_samples_per_second": 65.871,
        "eval_steps_per_second": 8.234,
        "epoch": 6.0
      },
      "train_runtime": 2327.8652,
      "total_steps": 642
    },
    {
      "fold_idx": 1,
      "fold_seed": 43,
      "train_samples": 7326,
      "test_samples": 2424,
      "final_accuracy": 0.8527227722772277,
      "final_loss": 0.15735666453838348,
      "training_history": {
        "epoch": [
          0,
          0.007575757575757576,
          1.0,
          1.7727272727272727,
          3.0,
          4.0,
          5.0,
          6.0
        ],
        "train_loss": [
          0.2833,
          0.1416,
          0.1036,
          0.0562,
          0.0836,
          0.0532,
          0.0401
        ],
        "eval_loss": [
          0.28826817870140076,
          0.14326024055480957,
          0.15735666453838348,
          0.17247352004051208,
          0.32165297865867615,
          0.3540480136871338,
          0.3498503565788269
        ],
        "eval_accuracy": [
          0.6456270627062707,
          0.8011551155115512,
          0.8527227722772277,
          0.8341584158415841,
          0.8164191419141914,
          0.7941419141914191,
          0.7904290429042904
        ],
        "learning_rate": [
          3.994949494949495e-05,
          3.3333333333333335e-05,
          2.8181818181818185e-05,
          2.3030303030303034e-05,
          1.787878787878788e-05,
          1.2727272727272728e-05,
          7.5757575757575764e-06
        ]
      },
      "final_metrics": {
        "eval_accuracy": 0.7904290429042904,
        "eval_loss": 0.3498503565788269,
        "eval_runtime": 36.972,
        "eval_samples_per_second": 65.563,
        "eval_steps_per_second": 8.195,
        "epoch": 6.0
      },
      "train_runtime": 2326.7384,
      "total_steps": 642
    },
    {
      "fold_idx": 2,
      "fold_seed": 44,
      "train_samples": 7387,
      "test_samples": 2352,
      "final_accuracy": 0.8244047619047619,
      "final_loss": 0.1842709332704544,
      "training_history": {
        "epoch": [
          0,
          0.007518796992481203,
          1.0,
          1.7669172932330826,
          3.0,
          4.0,
          5.0,
          6.0
        ],
        "train_loss": [
          0.2916,
          0.1524,
          0.105,
          0.0613,
          0.085,
          0.0711,
          0.0581
        ],
        "eval_loss": [
          0.2896350026130676,
          0.14571338891983032,
          0.19335661828517914,
          0.1842709332704544,
          0.3253314197063446,
          0.3365533947944641,
          0.3041858673095703
        ],
        "eval_accuracy": [
          0.6619897959183674,
          0.8027210884353742,
          0.8163265306122449,
          0.8244047619047619,
          0.8099489795918368,
          0.8027210884353742,
          0.8244047619047619
        ],
        "learning_rate": [
          3.9949874686716794e-05,
          3.3333333333333335e-05,
          2.8220551378446116e-05,
          2.3057644110275688e-05,
          1.7894736842105264e-05,
          1.2731829573934837e-05,
          7.568922305764411e-06
        ]
      },
      "final_metrics": {
        "eval_accuracy": 0.8244047619047619,
        "eval_loss": 0.3041858673095703,
        "eval_runtime": 35.7986,
        "eval_samples_per_second": 65.701,
        "eval_steps_per_second": 8.213,
        "epoch": 6.0
      },
      "train_runtime": 2333.6033,
      "total_steps": 647
    },
    {
      "fold_idx": 3,
      "fold_seed": 45,
      "train_samples": 7400,
      "test_samples": 2328,
      "final_accuracy": 0.7989690721649485,
      "final_loss": 0.2111206352710724,
      "training_history": {
        "epoch": [
          0,
          0.0075,
          1.0,
          1.7725,
          3.0,
          4.0,
          5.0,
          6.0
        ],
        "train_loss": [
          0.2889,
          0.1471,
          0.0907,
          0.0639,
          0.0852,
          0.061,
          0.0436
        ],
        "eval_loss": [
          0.2908857464790344,
          0.16534177958965302,
          0.24171125888824463,
          0.2111206352710724,
          0.3486437201499939,
          0.3706307113170624,
          0.37781286239624023
        ],
        "eval_accuracy": [
          0.6052405498281787,
          0.772766323024055,
          0.7714776632302406,
          0.7989690721649485,
          0.7955326460481099,
          0.7680412371134021,
          0.7723367697594502
        ],
        "learning_rate": [
          3.9949874686716794e-05,
          3.3283208020050126e-05,
          2.8120300751879705e-05,
          2.2957393483709277e-05,
          1.779448621553885e-05,
          1.263157894736842e-05,
          7.468671679197995e-06
        ]
      },
      "final_metrics": {
        "eval_accuracy": 0.7723367697594502,
        "eval_loss": 0.37781286239624023,
        "eval_runtime": 35.2182,
        "eval_samples_per_second": 66.102,
        "eval_steps_per_second": 8.263,
        "epoch": 6.0
      },
      "train_runtime": 2335.8299,
      "total_steps": 649
    },
    {
      "fold_idx": 4,
      "fold_seed": 46,
      "train_samples": 7424,
      "test_samples": 2304,
      "final_accuracy": 0.8342013888888888,
      "final_loss": 0.17280039191246033,
      "training_history": {
        "epoch": [
          0,
          0.007481296758104738,
          1.0,
          1.770573566084788,
          3.0,
          4.0,
          5.0,
          6.0
        ],
        "train_loss": [
          0.2931,
          0.1466,
          0.1044,
          0.0607,
          0.0715,
          0.0549,
          0.05
        ],
        "eval_loss": [
          0.2845216393470764,
          0.11596061289310455,
          0.21873055398464203,
          0.17280039191246033,
          0.3419285714626312,
          0.365926057100296,
          0.33418622612953186
        ],
        "eval_accuracy": [
          0.6471354166666666,
          0.8337673611111112,
          0.7960069444444444,
          0.8342013888888888,
          0.7977430555555556,
          0.78515625,
          0.8016493055555556
        ],