{
  "experiment_name": "Chunking Strategy: 3 Chunks",
  "timestamp": "20250925_170524",
  "k_folds": 5,
  "base_seed": 42,
  "results_dir": "kfold_results/kfold_20250925_170524",
  "fold_metrics": [
    {
      "fold_idx": 0,
      "fold_seed": 42,
      "train_samples": 7425,
      "test_samples": 2424,
      "final_accuracy": 0.8795379537953796,
      "final_loss": 0.22261594235897064,
      "training_history": {
        "epoch": [
          0,
          0.007575757575757576,
          1.0,
          1.7803030303030303,
          3.0,
          4.0,
          5.0,
          6.0
        ],
        "train_loss": [
          0.2986,
          0.1457,
          0.1194,
          0.0799,
          0.1076,
          0.0957,
          0.0788
        ],
        "eval_loss": [
          0.28779470920562744,
          0.10966690629720688,
          0.1298495978116989,
          0.1662207692861557,
          0.22261594235897064,
          0.26974010467529297,
          0.23402953147888184
        ],
        "eval_accuracy": [
          0.6295379537953796,
          0.8506600660066007,
          0.8762376237623762,
          0.8531353135313532,
          0.8795379537953796,
          0.8568481848184818,
          0.8783003300330033
        ],
        "learning_rate": [
          3.994949494949495e-05,
          3.3333333333333335e-05,
          2.8131313131313134e-05,
          2.2878787878787883e-05,
          1.7626262626262626e-05,
          1.2373737373737375e-05,
          7.121212121212122e-06
        ]
      },
      "final_metrics": {
        "eval_accuracy": 0.8783003300330033,
        "eval_loss": 0.23402953147888184,
        "eval_runtime": 36.3577,
        "eval_samples_per_second": 66.671,
        "eval_steps_per_second": 8.334,
        "epoch": 6.0
      },
      "train_runtime": 2338.1048,
      "total_steps": 651
    },
    {
      "fold_idx": 1,
      "fold_seed": 43,
      "train_samples": 7425,
      "test_samples": 2424,
      "final_accuracy": 0.8523102310231023,
      "final_loss": 0.15474477410316467,
      "training_history": {
        "epoch": [
          0,
          0.007575757575757576,
          1.0,
          1.7803030303030303,
          3.0,
          4.0,
          5.0,
          6.0
        ],
        "train_loss": [
          0.2883,
          0.1544,
          0.1216,
          0.0778,
          0.1035,
          0.0752,
          0.0644
        ],
        "eval_loss": [
          0.2860688269138336,
          0.10795480012893677,
          0.15474477410316467,
          0.1563909500837326,
          0.3011009693145752,
          0.2800418734550476,
          0.2802383303642273
        ],
        "eval_accuracy": [
          0.648102310231023,
          0.8502475247524752,
          0.8523102310231023,
          0.8448844884488449,
          0.8320957095709571,
          0.8424092409240924,
          0.8481848184818482
        ],
        "learning_rate": [
          3.994949494949495e-05,
          3.3333333333333335e-05,
          2.8131313131313134e-05,
          2.2878787878787883e-05,
          1.7626262626262626e-05,
          1.2373737373737375e-05,
          7.121212121212122e-06
        ]
      },
      "final_metrics": {
        "eval_accuracy": 0.8481848184818482,
        "eval_loss": 0.2802383303642273,
        "eval_runtime": 36.4654,
        "eval_samples_per_second": 66.474,
        "eval_steps_per_second": 8.309,
        "epoch": 6.0
      },
      "train_runtime": 2340.001,
      "total_steps": 651
    },
    {
      "fold_idx": 2,
      "fold_seed": 44,
      "train_samples": 7483,
      "test_samples": 2352,
      "final_accuracy": 0.8511904761904762,
      "final_loss": 0.26718273758888245,
      "training_history": {
        "epoch": [
          0,
          0.007518796992481203,
          1.0,
          1.781954887218045,
          3.0,
          4.0,
          5.0,
          6.0
        ],
        "train_loss": [
          0.2892,
          0.1479,
          0.1082,
          0.0761,
          0.0967,
          0.087,
          0.0633
        ],
        "eval_loss": [
          0.2896146774291992,
          0.12427455931901932,
          0.1826053261756897,
          0.19162572920322418,
          0.26718273758888245,
          0.2750397026538849,
          0.27298277616500854
        ],
        "eval_accuracy": [
          0.6305272108843537,
          0.8303571428571429,
          0.8231292517006803,
          0.8167517006802721,
          0.8511904761904762,
          0.8477891156462585,
          0.8456632653061225
        ],
        "learning_rate": [
          3.9949874686716794e-05,
          3.3333333333333335e-05,
          2.8120300751879705e-05,
          2.290726817042607e-05,
          1.7694235588972433e-05,
          1.2481203007518798e-05,
          7.268170426065163e-06
        ]
      },
      "final_metrics": {
        "eval_accuracy": 0.8456632653061225,
        "eval_loss": 0.27298277616500854,
        "eval_runtime": 35.3127,
        "eval_samples_per_second": 66.605,
        "eval_steps_per_second": 8.326,
        "epoch": 6.0
      },
      "train_runtime": 2344.7095,
      "total_steps": 653
    },
    {
      "fold_idx": 3,
      "fold_seed": 45,
      "train_samples": 7500,
      "test_samples": 2328,
      "final_accuracy": 0.8109965635738832,
      "final_loss": 0.13624238967895508,
      "training_history": {
        "epoch": [
          0,
          0.0075,
          1.0,
          1.78,
          3.0,
          4.0,
          5.0,
          6.0
        ],
        "train_loss": [
          0.2895,
          0.1416,
          0.1062,
          0.0764,
          0.104,
          0.0806,
          0.0716
        ],
        "eval_loss": [
          0.2886604368686676,
          0.13624238967895508,
          0.2017611712217331,
          0.21343399584293365,
          0.36266380548477173,
          0.33149802684783936,
          0.3622411787509918
        ],
        "eval_accuracy": [
          0.6207044673539519,
          0.8109965635738832,
          0.8092783505154639,
          0.788659793814433,
          0.7809278350515464,
          0.8058419243986255,
          0.7860824742268041
        ],
        "learning_rate": [
          3.9949874686716794e-05,
          3.3283208020050126e-05,
          2.8070175438596492e-05,
          2.2807017543859652e-05,
          1.754385964912281e-05,
          1.2280701754385966e-05,
          7.017543859649123e-06
        ]
      },
      "final_metrics": {
        "eval_accuracy": 0.7860824742268041,
        "eval_loss": 0.3622411787509918,
        "eval_runtime": 35.2358,
        "eval_samples_per_second": 66.069,
        "eval_steps_per_second": 8.259,
        "epoch": 6.0
      },
      "train_runtime": 2347.3975,
      "total_steps": 658
    },
    {
      "fold_idx": 4,
      "fold_seed": 46,
      "train_samples": 7524,
      "test_samples": 2304,
      "final_accuracy": 0.8563368055555556,
      "final_loss": 0.2738725244998932,
      "training_history": {
        "epoch": [
          0,
          0.007481296758104738,
          1.0,
          1.7780548628428927,
          3.0,
          4.0,
          5.0,
          6.0
        ],
        "train_loss": [
          0.2961,
          0.1511,
          0.1151,
          0.0784,
          0.1035,
          0.0761,
          0.0642
        ],
        "eval_loss": [
          0.28617119789123535,
          0.11742188036441803,
          0.17776495218276978,
          0.19992071390151978,
          0.3059699833393097,
          0.27831652760505676,
          0.2738725244998932
        ],
        "eval_accuracy": [
          0.6388888888888888,
          0.8389756944444444,
          0.8211805555555556,
          0.8012152777777778,
          0.8328993055555556,
          0.8511284722222222,
          0.8563368055555556
        ],