{
  "experiment_name": "Chunking Strategy: 4 Chunks",
  "timestamp": "20250925_201612",
  "k_folds": 5,
  "base_seed": 42,
  "results_dir": "kfold_results/kfold_20250925_201612",
  "fold_metrics": [
    {
      "fold_idx": 0,
      "fold_seed": 42,
      "train_samples": 7524,
      "test_samples": 2424,
      "final_accuracy": 0.8791254125412541,
      "final_loss": 0.22514201700687408,
      "training_history": {
        "epoch": [
          0,
          0.007575757575757576,
          1.0,
          1.7878787878787878,
          3.0,
          4.0,
          5.0,
          6.0
        ],
        "train_loss": [
          0.3071,
          0.1536,
          0.1336,
          0.0959,
          0.1289,
          0.1064,
          0.0819
        ],
        "eval_loss": [
          0.2878739833831787,
          0.112855464220047,
          0.15074774622917175,
          0.15569086372852325,
          0.22514201700687408,
          0.2512204051017761,
          0.2808394134044647
        ],
        "eval_accuracy": [
          0.6237623762376238,
          0.8506600660066007,
          0.8675742574257426,
          0.8539603960396039,
          0.8791254125412541,
          0.8667491749174917,
          0.8514851485148515
        ],
        "learning_rate": [
          3.994949494949495e-05,
          3.3333333333333335e-05,
          2.808080808080808e-05,
          2.277777777777778e-05,
          1.7474747474747475e-05,
          1.2171717171717172e-05,
          6.868686868686869e-06
        ]
      },
      "final_metrics": {
        "eval_accuracy": 0.8514851485148515,
        "eval_loss": 0.2808394134044647,
        "eval_runtime": 36.5642,
        "eval_samples_per_second": 66.294,
        "eval_steps_per_second": 8.287,
        "epoch": 6.0
      },
      "train_runtime": 2371.1594,
      "total_steps": 656
    },
    {
      "fold_idx": 1,
      "fold_seed": 43,
      "train_samples": 7524,
      "test_samples": 2424,
      "final_accuracy": 0.8725247524752475,
      "final_loss": 0.23293334245681763,
      "training_history": {
        "epoch": [
          0,
          0.007575757575757576,
          1.0,
          1.7878787878787878,
          3.0,
          4.0,
          5.0,
          6.0
        ],
        "train_loss": [
          0.2917,
          0.1522,
          0.1446,
          0.092,
          0.1313,
          0.1039,
          0.0878
        ],
        "eval_loss": [
          0.2877863049507141,
          0.11163602024316788,
          0.16341516375541687,
          0.1419154852628708,
          0.23293334245681763,
          0.23962649703025818,
          0.26024046540260315
        ],
        "eval_accuracy": [
          0.6472772277227723,
          0.8432343234323433,
          0.8473597359735974,
          0.8589108910891089,
          0.8725247524752475,
          0.8650990099009901,
          0.849009900990099
        ],
        "learning_rate": [
          3.994949494949495e-05,
          3.3333333333333335e-05,
          2.808080808080808e-05,
          2.277777777777778e-05,
          1.7474747474747475e-05,
          1.2171717171717172e-05,
          6.868686868686869e-06
        ]
      },
      "final_metrics": {
        "eval_accuracy": 0.849009900990099,
        "eval_loss": 0.26024046540260315,
        "eval_runtime": 36.7256,
        "eval_samples_per_second": 66.003,
        "eval_steps_per_second": 8.25,
        "epoch": 6.0
      },
      "train_runtime": 2370.4744,
      "total_steps": 656
    },
    {
      "fold_idx": 2,
      "fold_seed": 44,
      "train_samples": 7581,
      "test_samples": 2352,
      "final_accuracy": 0.8579931972789115,
      "final_loss": 0.2566989064216614,
      "training_history": {
        "epoch": [
          0,
          0.007518796992481203,
          1.0,
          1.7894736842105263,
          3.0,
          4.0,
          5.0,
          6.0
        ],
        "train_loss": [
          0.2919,
          0.1523,
          0.1226,
          0.0894,
          0.123,
          0.1056,
          0.087
        ],
        "eval_loss": [
          0.28824320435523987,
          0.12371917068958282,
          0.17343682050704956,
          0.18715466558933258,
          0.2755570411682129,
          0.2701508402824402,
          0.2566989064216614
        ],
        "eval_accuracy": [
          0.6594387755102041,
          0.8261054421768708,
          0.8316326530612245,
          0.8218537414965986,
          0.8388605442176871,
          0.8473639455782312,
          0.8579931972789115
        ],
        "learning_rate": [
          3.9949874686716794e-05,
          3.3333333333333335e-05,
          2.8070175438596492e-05,
          2.2756892230576443e-05,
          1.744360902255639e-05,
          1.2130325814536342e-05,
          6.817042606516291e-06
        ]
      },
      "final_metrics": {
        "eval_accuracy": 0.8579931972789115,
        "eval_loss": 0.2566989064216614,
        "eval_runtime": 35.6889,
        "eval_samples_per_second": 65.903,
        "eval_steps_per_second": 8.238,
        "epoch": 6.0
      },
      "train_runtime": 2378.6616,
      "total_steps": 662
    },
    {
      "fold_idx": 3,
      "fold_seed": 45,
      "train_samples": 7600,
      "test_samples": 2328,
      "final_accuracy": 0.8298969072164949,
      "final_loss": 0.3134547173976898,
      "training_history": {
        "epoch": [
          0,
          0.0075,
          1.0,
          1.7875,
          3.0,
          4.0,
          5.0,
          6.0
        ],
        "train_loss": [
          0.2898,
          0.1427,
          0.1174,
          0.0851,
          0.1263,
          0.0983,
          0.0787
        ],
        "eval_loss": [
          0.28948789834976196,
          0.15626804530620575,
          0.195356547832489,
          0.20375873148441315,
          0.3242432475090027,
          0.3186485171318054,
          0.3134547173976898
        ],
        "eval_accuracy": [
          0.6305841924398625,
          0.7916666666666666,
          0.8092783505154639,
          0.8084192439862543,
          0.8157216494845361,
          0.8256013745704467,
          0.8298969072164949
        ],
        "learning_rate": [
          3.9949874686716794e-05,
          3.3283208020050126e-05,
          2.8020050125313286e-05,
          2.2706766917293237e-05,
          1.7393483709273185e-05,
          1.2080200501253134e-05,
          6.766917293233083e-06
        ]
      },
      "final_metrics": {
        "eval_accuracy": 0.8298969072164949,
        "eval_loss": 0.3134547173976898,
        "eval_runtime": 35.2497,
        "eval_samples_per_second": 66.043,
        "eval_steps_per_second": 8.255,
        "epoch": 6.0
      },
      "train_runtime": 2381.2025,
      "total_steps": 663
    },
    {
      "fold_idx": 4,
      "fold_seed": 46,
      "train_samples": 7619,
      "test_samples": 2304,
      "final_accuracy": 0.8459201388888888,
      "final_loss": 0.1161036342382431,
      "training_history": {
        "epoch": [
          0,
          0.007481296758104738,
          1.0,
          1.7930174563591024,
          3.0,
          4.0,
          5.0,
          6.0
        ],
        "train_loss": [
          0.3,
          0.1449,
          0.123,
          0.0898,
          0.1213,
          0.0851,
          0.0827
        ],
        "eval_loss": [
          0.2874467670917511,
          0.1161036342382431,
          0.1801079362630844,
          0.16560111939907074,
          0.2878592312335968,
          0.2786881625652313,
          0.30232101678848267
        ],
        "eval_accuracy": [
          0.6271701388888888,
          0.8459201388888888,
          0.8207465277777778,
          0.8381076388888888,
          0.8381076388888888,
          0.8359375,
          0.8342013888888888
        ],