,Chill House,Chiller vibe goa,Dark Techno,Emotional Techno,Party Goa,Party House,Zyzz Music
Chill House,0.9999999403953552,-0.4030454754829407,-0.19859349727630615,-0.09736664593219757,-0.6209784746170044,0.2725711166858673,-0.47699737548828125
Chiller vibe goa,-0.4030454754829407,0.9999999403953552,-0.1618330180644989,-0.3105051517486572,0.8625822067260742,-0.17841550707817078,-0.28358978033065796
Dark Techno,-0.19859349727630615,-0.1618330180644989,0.9999998807907104,-0.18623630702495575,-0.28537797927856445,-0.34264642000198364,-0.05722906067967415
Emotional Techno,-0.09736664593219757,-0.3105051517486572,-0.18623630702495575,0.9999999403953552,-0.05038178339600563,-0.24620585143566132,0.18633948266506195
Party Goa,-0.6209784746170044,0.8625822067260742,-0.28537797927856445,-0.05038178339600563,1.0,-0.09999117255210876,-0.024311929941177368
Party House,0.2725711166858673,-0.17841550707817078,-0.34264642000198364,-0.24620585143566132,-0.09999117255210876,0.9999999403953552,-0.13821718096733093
Zyzz Music,-0.47699737548828125,-0.28358978033065796,-0.05722906067967415,0.18633948266506195,-0.024311929941177368,-0.13821718096733093,1.0
