epoch,train_loss,eval_loss,eval_accuracy,learning_rate
0.0,,0.28779470920562744,0.6295379537953796,
0.007575757575757576,0.2986,,,3.994949494949495e-05
1.0,0.1457,0.10966690629720688,0.8506600660066007,3.3333333333333335e-05
1.7803030303030303,0.1194,0.1298495978116989,0.8762376237623762,2.8131313131313134e-05
3.0,0.0799,0.1662207692861557,0.8531353135313532,2.2878787878787883e-05
4.0,0.1076,0.22261594235897064,0.8795379537953796,1.7626262626262626e-05
5.0,0.0957,0.26974010467529297,0.8568481848184818,1.2373737373737375e-05
6.0,0.0788,0.23402953147888184,0.8783003300330033,7.121212121212122e-06
